{"cameraMode":{"drawMode":1,"name":"Wireframe","section":"Shading Mode"},"sceneLighting":true,"audioPlay":false,"sceneViewState":{"showFog":true,"showMaterialUpdate":false,"showSkybox":false,"showFlares":true,"showImageEffects":true,"showParticleSystems":true},"in2DMode":false,"pivot":{"x":-0.5234999656677246,"y":2.6610002517700197,"z":-2.1722025871276857},"rotation":{"x":-0.09954063594341278,"y":0.8830463886260986,"z":-0.2177906632423401,"w":-0.403594046831131},"size":10.402470588684082,"orthographic":false}