{"cameraMode":{"drawMode":1,"name":"Wireframe","section":"Shading Mode"},"sceneLighting":false,"audioPlay":false,"sceneViewState":{"showFog":true,"showMaterialUpdate":false,"showSkybox":false,"showFlares":true,"showImageEffects":true,"showParticleSystems":true},"in2DMode":false,"pivot":{"x":2.61899995803833,"y":0.10999999940395355,"z":-6.0970001220703129},"rotation":{"x":-0.09954063594341278,"y":0.8830463886260986,"z":-0.2177906632423401,"w":-0.403594046831131},"size":1.4606634378433228,"orthographic":false}