{"cameraMode":{"drawMode":1,"name":"Wireframe","section":"Shading Mode"},"sceneLighting":true,"audioPlay":false,"sceneViewState":{"showFog":true,"showMaterialUpdate":false,"showSkybox":false,"showFlares":true,"showImageEffects":true,"showParticleSystems":true},"in2DMode":false,"pivot":{"x":0.6200001239776611,"y":2.3435001373291017,"z":-1.4797024726867676},"rotation":{"x":-0.09954063594341278,"y":0.8830463886260986,"z":-0.2177906632423401,"w":-0.403594046831131},"size":10.207770347595215,"orthographic":false}